<?xml version="1.0" encoding="UTF-8"?>
<root>
  <item name="com.digimarc.capture.camera.CameraWrapper.CameraWorkerThread mState">
    <annotation name="android.support.annotation.IntDef">
      <val name="value" val="{com.digimarc.capture.camera.CameraWrapper.State_Closed, com.digimarc.capture.camera.CameraWrapper.State_Open, com.digimarc.capture.camera.CameraWrapper.State_Started}" />
    </annotation>
  </item>
  <item name="com.digimarc.capture.camera.CameraWrapper.CameraWorkerThread void stateOperation(int, java.lang.Object) 0">
    <annotation name="android.support.annotation.IntDef">
      <val name="value" val="{com.digimarc.capture.camera.CameraWrapper.Op_OpenCamera, com.digimarc.capture.camera.CameraWrapper.Op_StartPreview, com.digimarc.capture.camera.CameraWrapper.Op_SetRotation, com.digimarc.capture.camera.CameraWrapper.Op_Configure, com.digimarc.capture.camera.CameraWrapper.Op_StartAF, com.digimarc.capture.camera.CameraWrapper.Op_CenterAF, com.digimarc.capture.camera.CameraWrapper.Op_SetTorch, com.digimarc.capture.camera.CameraWrapper.Op_StopPreview, com.digimarc.capture.camera.CameraWrapper.Op_CloseCamera}" />
    </annotation>
  </item>
</root>

